<?xml version="1.0" encoding="UTF-8"?>
<!DOCTYPE mapper PUBLIC "-//mybatis.org//DTD Mapper 3.0//EN" "http://mybatis.org/dtd/mybatis-3-mapper.dtd">
<mapper namespace="com.shop2.myapp.model.AjaxMapper">
    <select id="userList" resultType="com.shop2.myapp.dto.UserDTO">
        select * from user1
	</select>
    <select id="getUser" resultType="com.shop2.myapp.dto.UserDTO">
        select * from user1 where id=#{id}
	</select>
    <select id="getLogin" resultType="com.shop2.myapp.dto.UserDTO">
        select * from user1 where id=#{id} and pw=#{pw}
	</select>
	<insert id="addUser">
		insert into user1 values (default, #{id}, #{pw}, #{name}, #{email}, default)
	</insert>
</mapper>
<!-- resources/mybatis/mapper/AjaxMapper -->